{"creatorIdentifier":"com.facebook.arstudio.skylight","exportUnixTimestamp":1596924323,"projectName":"vintage.arprojpkg","exportDate":"2020-08-08T22:05:23+0000","creatorPlatform":"windows","projectFileVersion":{"patch":0,"prod":94,"dev":0},"targetingPlatforms":["instagram"],"files":{"project":"vintage.arprojpkg","pvr":"vintage@pvr.arfx","etc":"vintage@etc.arfx","basic":"vintage@uncompressed.arfx"},"editorVersion":{"codename":"Skylight","version":"94.0.0.15.239","build":"235744860","environment":"Release"}}