{"creatorIdentifier":"com.facebook.arstudio.skylight","exportUnixTimestamp":1596745180,"projectName":"Calmaria.arprojpkg","exportDate":"2020-08-06T20:19:40+0000","creatorPlatform":"windows","projectFileVersion":{"patch":0,"prod":94,"dev":0},"targetingPlatforms":["facebook","instagram"],"files":{"project":"Calmaria.arprojpkg","pvr":"Calmaria@pvr.arfx","etc":"Calmaria@etc.arfx","basic":"Calmaria@uncompressed.arfx"},"editorVersion":{"codename":"Skylight","version":"94.0.0.15.239","build":"235744860","environment":"Release"}}